{
  "images" : [
    {
      "idiom" : "universal",
      "filename" : "Screenshot_2019-12-24-10-48-54-587_com.cimb.octostickers.png",
      "scale" : "1x"
    },
    {
      "idiom" : "universal",
      "filename" : "Screenshot_2019-12-24-10-48-54-587_com.cimb.octostickers@2x.png",
      "scale" : "2x"
    },
    {
      "idiom" : "universal",
      "filename" : "Screenshot_2019-12-24-10-48-54-587_com.cimb.octostickers@3x.png",
      "scale" : "3x"
    }
  ],
  "info" : {
    "version" : 1,
    "author" : "xcode"
  }
}